{"cameraMode":{"drawMode":0,"name":"Shaded","section":"Shading Mode"},"sceneLighting":true,"audioPlay":false,"sceneViewState":{"showFog":true,"showMaterialUpdate":false,"showSkybox":true,"showFlares":true,"showImageEffects":true,"showParticleSystems":true},"in2DMode":false,"pivot":{"x":1.7075494527816773,"y":-3.1220664978027345,"z":2.032794952392578},"rotation":{"x":0.3086763322353363,"y":0.007129079196602106,"z":-0.00231359526515007,"w":0.9511404633522034},"size":8.796703338623047,"orthographic":false}